Product URL,Landed Cost,Asket Price,Traditional Retail,Raw Material & Milling,Manufacturing,Trims & Packaging,Transport,Raw materials,Milling,Trims,Overall Traceability,Carbon Emissions,Water,Energy,Name
https://www.asket.com/se/mens/t-shirts/long-sleeve-t-shirt-off-white,169 SEK,600 SEK,1010 SEK,98 SEK,100%,8 SEK,6 SEK,100%,93%,83%,93% Overall traceability,9.02kg CO₂e,112.74m³,49.34kWh,The Long Sleeve T-Shirt
https://www.asket.com/se/mens/t-shirts/lightweight-t-shirt-dark-navy,130 SEK,500 SEK,790 SEK,64 SEK,100%,8 SEK,3 SEK,33%,100%,83%,88% Overall traceability,9.77kg CO₂e,28.26m³,30.68kWh,The Lightweight T-Shirt
https://www.asket.com/se/mens/t-shirts/pique-polo-white,365 SEK,850 SEK,2190 SEK,133 SEK,100%,22 SEK,11 SEK,100%,91%,70%,85% Overall traceability,10.91kg CO₂e,38.12m³,58.54kWh,The Pique Polo
https://www.asket.com/se/mens/t-shirts/pique-polo-dark-navy,365 SEK,850 SEK,2190 SEK,133 SEK,100%,22 SEK,11 SEK,100%,91%,70%,85% Overall traceability,10.91kg CO₂e,38.12m³,58.54kWh,The Pique Polo
https://www.asket.com/se/mens/t-shirts/pique-polo-dark-olive,365 SEK,850 SEK,2190 SEK,133 SEK,100%,22 SEK,11 SEK,100%,91%,70%,85% Overall traceability,10.91kg CO₂e,38.12m³,58.54kWh,The Pique Polo
https://www.asket.com/se/mens/t-shirts/long-sleeve-pique-polo-black,288 SEK,950 SEK,1730 SEK,120 SEK,100%,29 SEK,4 SEK,100%,91%,70%,85% Overall traceability,10.91kg CO₂e,38.12m³,58.54kWh,The Long Sleeve Pique Polo
https://www.asket.com/se/mens/t-shirts/t-shirt-grey-melange,135 SEK,450 SEK,810 SEK,54 SEK,100%,14 SEK,3 SEK,100%,93%,83%,93% Overall traceability,11.39kg CO₂e,53.68m³,65.42kWh,The T-Shirt
https://www.asket.com/se/mens/sweatshirts/sweatshirt-grey-melange,336 SEK,1050 SEK,2010 SEK,214 SEK,100%,8 SEK,9 SEK,100%,93%,50%,87% Overall traceability,16.18kg CO₂e,204.5m³,90.48kWh,The Sweatshirt
https://www.asket.com/se/mens/t-shirts/t-shirt-charcoal-melange,135 SEK,450 SEK,810 SEK,54 SEK,100%,14 SEK,3 SEK,100%,93%,83%,93% Overall traceability,11.39kg CO₂e,53.68m³,65.42kWh,The T-Shirt
https://www.asket.com/se/mens/t-shirts/t-shirt-dark-navy,135 SEK,450 SEK,810 SEK,54 SEK,100%,14 SEK,3 SEK,100%,93%,83%,93% Overall traceability,11.39kg CO₂e,53.68m³,65.42kWh,The T-Shirt
https://www.asket.com/se/mens/denim/washed-denim-jeans-stone-bleach,459 SEK,1450 SEK,2760 SEK,141 SEK,100%,28 SEK,11 SEK,100%,100%,58%,87% Overall traceability,23.74kg CO₂e,114.28m³,80.5kWh,The Washed Denim Jeans
https://www.asket.com/se/mens/t-shirts/long-sleeve-pique-polo-dark-navy,288 SEK,950 SEK,1730 SEK,120 SEK,100%,29 SEK,4 SEK,100%,91%,70%,85% Overall traceability,10.91kg CO₂e,38.12m³,58.54kWh,The Long Sleeve Pique Polo
https://www.asket.com/se/mens/t-shirts/long-sleeve-pique-polo-grey-melange,288 SEK,950 SEK,1730 SEK,120 SEK,100%,29 SEK,4 SEK,100%,91%,70%,85% Overall traceability,10.91kg CO₂e,38.12m³,58.54kWh,The Long Sleeve Pique Polo
https://www.asket.com/se/mens/t-shirts/t-shirt-off-white,135 SEK,450 SEK,810 SEK,54 SEK,100%,14 SEK,3 SEK,100%,93%,83%,93% Overall traceability,11.39kg CO₂e,53.68m³,65.42kWh,The T-Shirt
https://www.asket.com/se/mens/t-shirts/long-sleeve-pique-polo-khaki-green,288 SEK,950 SEK,1730 SEK,120 SEK,100%,29 SEK,4 SEK,100%,91%,70%,85% Overall traceability,10.91kg CO₂e,38.12m³,58.54kWh,The Long Sleeve Pique Polo
https://www.asket.com/se/mens/t-shirts/lightweight-t-shirt-black,130 SEK,500 SEK,790 SEK,64 SEK,100%,8 SEK,3 SEK,33%,100%,83%,88% Overall traceability,9.77kg CO₂e,28.26m³,30.68kWh,The Lightweight T-Shirt
https://www.asket.com/se/mens/t-shirts/lightweight-t-shirt-taupe,130 SEK,500 SEK,790 SEK,64 SEK,100%,8 SEK,3 SEK,33%,100%,83%,88% Overall traceability,9.77kg CO₂e,28.26m³,30.68kWh,The Lightweight T-Shirt
https://www.asket.com/se/mens/t-shirts/long-sleeve-t-shirt-grey-melange,169 SEK,600 SEK,1010 SEK,98 SEK,100%,8 SEK,6 SEK,100%,93%,83%,93% Overall traceability,9.02kg CO₂e,112.74m³,49.34kWh,The Long Sleeve T-Shirt
https://www.asket.com/se/mens/t-shirts/long-sleeve-t-shirt-black,169 SEK,600 SEK,1010 SEK,98 SEK,100%,8 SEK,6 SEK,100%,93%,83%,93% Overall traceability,9.02kg CO₂e,112.74m³,49.34kWh,The Long Sleeve T-Shirt
https://www.asket.com/se/mens/t-shirts/pique-polo-black,365 SEK,850 SEK,2190 SEK,133 SEK,100%,22 SEK,11 SEK,100%,91%,70%,85% Overall traceability,10.91kg CO₂e,38.12m³,58.54kWh,The Pique Polo
https://www.asket.com/se/mens/t-shirts/lightweight-t-shirt-cold-blue,130 SEK,500 SEK,790 SEK,64 SEK,100%,8 SEK,3 SEK,33%,100%,83%,88% Overall traceability,9.77kg CO₂e,28.26m³,30.68kWh,The Lightweight T-Shirt
https://www.asket.com/se/mens/t-shirts/lightweight-t-shirt-grey-melange,130 SEK,500 SEK,790 SEK,64 SEK,100%,8 SEK,3 SEK,33%,100%,83%,88% Overall traceability,9.77kg CO₂e,28.26m³,30.68kWh,The Lightweight T-Shirt
https://www.asket.com/se/mens/t-shirts/t-shirt-black,135 SEK,450 SEK,810 SEK,54 SEK,100%,14 SEK,3 SEK,100%,93%,83%,93% Overall traceability,11.39kg CO₂e,53.68m³,65.42kWh,The T-Shirt
https://www.asket.com/se/mens/t-shirts/t-shirt-burgundy,135 SEK,450 SEK,810 SEK,54 SEK,100%,14 SEK,3 SEK,100%,93%,83%,93% Overall traceability,11.39kg CO₂e,53.68m³,65.42kWh,The T-Shirt
https://www.asket.com/se/mens/t-shirts/long-sleeve-t-shirt-white,169 SEK,600 SEK,1010 SEK,98 SEK,100%,8 SEK,6 SEK,100%,93%,83%,93% Overall traceability,9.02kg CO₂e,112.74m³,49.34kWh,The Long Sleeve T-Shirt
https://www.asket.com/se/mens/t-shirts/t-shirt-dusty-green,135 SEK,450 SEK,810 SEK,54 SEK,100%,14 SEK,3 SEK,100%,93%,83%,93% Overall traceability,11.39kg CO₂e,53.68m³,65.42kWh,The T-Shirt
https://www.asket.com/se/mens/t-shirts/t-shirt-white,135 SEK,450 SEK,810 SEK,54 SEK,100%,14 SEK,3 SEK,100%,93%,83%,93% Overall traceability,11.39kg CO₂e,53.68m³,65.42kWh,The T-Shirt
https://www.asket.com/se/mens/t-shirts/lightweight-t-shirt-white,130 SEK,500 SEK,790 SEK,64 SEK,100%,8 SEK,3 SEK,33%,100%,83%,88% Overall traceability,9.77kg CO₂e,28.26m³,30.68kWh,The Lightweight T-Shirt
https://www.asket.com/se/mens/t-shirts/lightweight-t-shirt-off-white,130 SEK,500 SEK,790 SEK,64 SEK,100%,8 SEK,3 SEK,33%,100%,83%,88% Overall traceability,9.77kg CO₂e,28.26m³,30.68kWh,The Lightweight T-Shirt
https://www.asket.com/se/mens/t-shirts/pique-polo-grey-melange,365 SEK,850 SEK,2190 SEK,133 SEK,100%,22 SEK,11 SEK,100%,91%,70%,85% Overall traceability,10.91kg CO₂e,38.12m³,58.54kWh,The Pique Polo
https://www.asket.com/se/mens/underwear/merino-sock-3-pack-light-browndark-greenburgundy,163 SEK,500 SEK,980 SEK,94 SEK,100%,10 SEK,5 SEK,50%,91%,,81% Overall traceability,12.39kg CO₂e,1.92m³,43.31kWh,The Merino Sock 3-Pack
https://www.asket.com/se/mens/t-shirts/lightweight-t-shirt-cold-green,130 SEK,500 SEK,790 SEK,64 SEK,100%,8 SEK,3 SEK,33%,100%,83%,88% Overall traceability,9.77kg CO₂e,28.26m³,30.68kWh,The Lightweight T-Shirt
https://www.asket.com/se/mens/t-shirts/long-sleeve-t-shirt-dark-navy,169 SEK,600 SEK,1010 SEK,98 SEK,100%,8 SEK,6 SEK,100%,93%,83%,93% Overall traceability,9.02kg CO₂e,112.74m³,49.34kWh,The Long Sleeve T-Shirt
https://www.asket.com/se/mens/shirts/oxford-shirt-blue,365 SEK,1250 SEK,2190 SEK,133 SEK,100%,22 SEK,11 SEK,100%,83%,83%,88% Overall traceability,15.67kg CO₂e,63.26m³,71.3kWh,The Oxford Shirt
https://www.asket.com/se/mens/shirts/wool-overshirt-dark-navy,546 SEK,1850 SEK,3270 SEK,324 SEK,100%,26 SEK,11 SEK,100%,100%,60%,86% Overall traceability,32.79kg CO₂e,69.76m³,85.54kWh,The Wool Overshirt
https://www.asket.com/se/mens/shirts/linen-shirt-light-blue,378 SEK,1450 SEK,2270 SEK,151 SEK,100%,22 SEK,11 SEK,100%,100%,66%,82% Overall traceability,15.1kg CO₂e,14.1m³,49.58kWh,The Linen Shirt
https://www.asket.com/se/mens/shirts/overshirt-beige,509 SEK,1650 SEK,3060 SEK,302 SEK,100%,17 SEK,11 SEK,100%,89%,88%,92% Overall traceability,29.33kg CO₂e,83.33m³,100.54kWh,The Overshirt
https://www.asket.com/se/mens/shirts/wool-overshirt-charcoal-melange,546 SEK,1850 SEK,3270 SEK,324 SEK,100%,26 SEK,11 SEK,100%,100%,60%,86% Overall traceability,32.79kg CO₂e,69.76m³,85.54kWh,The Wool Overshirt
https://www.asket.com/se/mens/t-shirts/t-shirt-grey-melange,135 SEK,450 SEK,810 SEK,54 SEK,100%,14 SEK,3 SEK,100%,93%,83%,93% Overall traceability,11.39kg CO₂e,53.68m³,65.42kWh,The T-Shirt
https://www.asket.com/se/mens/sweatshirts/sweatshirt-grey-melange,336 SEK,1050 SEK,2010 SEK,214 SEK,100%,8 SEK,9 SEK,100%,93%,50%,87% Overall traceability,16.18kg CO₂e,204.5m³,90.48kWh,The Sweatshirt
https://www.asket.com/se/mens/t-shirts/t-shirt-charcoal-melange,135 SEK,450 SEK,810 SEK,54 SEK,100%,14 SEK,3 SEK,100%,93%,83%,93% Overall traceability,11.39kg CO₂e,53.68m³,65.42kWh,The T-Shirt
https://www.asket.com/se/mens/t-shirts/t-shirt-dark-navy,135 SEK,450 SEK,810 SEK,54 SEK,100%,14 SEK,3 SEK,100%,93%,83%,93% Overall traceability,11.39kg CO₂e,53.68m³,65.42kWh,The T-Shirt
https://www.asket.com/se/mens/denim/washed-denim-jeans-stone-bleach,459 SEK,1450 SEK,2760 SEK,141 SEK,100%,28 SEK,11 SEK,100%,100%,58%,87% Overall traceability,23.74kg CO₂e,114.28m³,80.5kWh,The Washed Denim Jeans
https://www.asket.com/se/mens/shirts/oxford-shirt-dark-navy,365 SEK,1250 SEK,2190 SEK,133 SEK,100%,22 SEK,11 SEK,100%,83%,83%,88% Overall traceability,15.67kg CO₂e,63.26m³,71.3kWh,The Oxford Shirt
https://www.asket.com/se/mens/shirts/linen-shirt-white,378 SEK,1450 SEK,2270 SEK,151 SEK,100%,22 SEK,11 SEK,100%,100%,66%,82% Overall traceability,15.1kg CO₂e,14.1m³,49.58kWh,The Linen Shirt
https://www.asket.com/se/mens/shirts/oxford-shirt-white,365 SEK,1250 SEK,2190 SEK,133 SEK,100%,22 SEK,11 SEK,100%,83%,83%,88% Overall traceability,15.67kg CO₂e,63.26m³,71.3kWh,The Oxford Shirt
https://www.asket.com/se/mens/t-shirts/t-shirt-off-white,135 SEK,450 SEK,810 SEK,54 SEK,100%,14 SEK,3 SEK,100%,93%,83%,93% Overall traceability,11.39kg CO₂e,53.68m³,65.42kWh,The T-Shirt
https://www.asket.com/se/mens/shirts/overshirt-black,509 SEK,1650 SEK,3060 SEK,302 SEK,100%,17 SEK,11 SEK,100%,89%,88%,92% Overall traceability,29.33kg CO₂e,83.33m³,100.54kWh,The Overshirt
https://www.asket.com/se/mens/shirts/poplin-shirt-light-blue,466 SEK,1600 SEK,2800 SEK,227 SEK,100%,11 SEK,33 SEK,100%,100%,66%,86% Overall traceability,19.86kg CO₂e,69.52m³,67.97kWh,The Poplin Shirt
https://www.asket.com/se/mens/shirts/linen-shirt-beige,378 SEK,1450 SEK,2270 SEK,151 SEK,100%,22 SEK,11 SEK,100%,100%,66%,82% Overall traceability,15.1kg CO₂e,14.1m³,49.58kWh,The Linen Shirt
https://www.asket.com/se/mens/shirts/linen-shirt-blue-stripe,378 SEK,1450 SEK,2270 SEK,151 SEK,100%,22 SEK,11 SEK,100%,100%,66%,82% Overall traceability,15.1kg CO₂e,14.1m³,49.58kWh,The Linen Shirt
https://www.asket.com/se/mens/shirts/denim-shirt-stone-wash,421 SEK,1450 SEK,2530 SEK,189 SEK,100%,22 SEK,11 SEK,33%,100%,66%,76% Overall traceability,18.16kg CO₂e,116.96m³,80.74kWh,The Denim Shirt
https://www.asket.com/se/mens/shirts/wool-overshirt-khaki-green,546 SEK,1850 SEK,3270 SEK,324 SEK,100%,26 SEK,11 SEK,100%,100%,60%,86% Overall traceability,32.79kg CO₂e,69.76m³,85.54kWh,The Wool Overshirt
https://www.asket.com/se/mens/shirts/oxford-shirt-light-grey,365 SEK,1250 SEK,2190 SEK,133 SEK,100%,22 SEK,11 SEK,100%,83%,83%,88% Overall traceability,15.67kg CO₂e,63.26m³,71.3kWh,The Oxford Shirt
https://www.asket.com/se/mens/shirts/flannel-shirt-charcoal-melange,468 SEK,1400 SEK,2810 SEK,225 SEK,100%,21 SEK,11 SEK,100%,100%,60%,86% Overall traceability,14.84kg CO₂e,45.58m³,58.88kWh,The Flannel Shirt
https://www.asket.com/se/mens/shirts/linen-shirt-dark-navy,378 SEK,1450 SEK,2270 SEK,151 SEK,100%,22 SEK,11 SEK,100%,100%,66%,82% Overall traceability,15.1kg CO₂e,14.1m³,49.58kWh,The Linen Shirt
https://www.asket.com/se/mens/shirts/poplin-shirt-white,466 SEK,1600 SEK,2800 SEK,227 SEK,100%,11 SEK,33 SEK,100%,100%,66%,86% Overall traceability,19.86kg CO₂e,69.52m³,67.97kWh,The Poplin Shirt
https://www.asket.com/se/mens/shirts/flannel-shirt-grey-melange,468 SEK,1400 SEK,2810 SEK,225 SEK,100%,21 SEK,11 SEK,100%,100%,60%,86% Overall traceability,14.84kg CO₂e,45.58m³,58.88kWh,The Flannel Shirt
https://www.asket.com/se/mens/shirts/linen-shirt-olive,378 SEK,1450 SEK,2270 SEK,151 SEK,100%,22 SEK,11 SEK,100%,100%,66%,82% Overall traceability,15.1kg CO₂e,14.1m³,49.58kWh,The Linen Shirt
https://www.asket.com/se/mens/shirts/overshirt-taupe,509 SEK,1650 SEK,3060 SEK,302 SEK,100%,17 SEK,11 SEK,100%,89%,88%,92% Overall traceability,29.33kg CO₂e,83.33m³,100.54kWh,The Overshirt
https://www.asket.com/se/mens/shirts/denim-shirt-stone-bleach,421 SEK,1450 SEK,2530 SEK,189 SEK,100%,22 SEK,11 SEK,33%,100%,66%,76% Overall traceability,18.16kg CO₂e,116.96m³,80.74kWh,The Denim Shirt
https://www.asket.com/se/mens/t-shirts/t-shirt-black,135 SEK,450 SEK,810 SEK,54 SEK,100%,14 SEK,3 SEK,100%,93%,83%,93% Overall traceability,11.39kg CO₂e,53.68m³,65.42kWh,The T-Shirt
https://www.asket.com/se/mens/shirts/overshirt-dark-navy,509 SEK,1650 SEK,3060 SEK,302 SEK,100%,17 SEK,11 SEK,100%,89%,88%,92% Overall traceability,29.33kg CO₂e,83.33m³,100.54kWh,The Overshirt
https://www.asket.com/se/mens/shirts/flannel-shirt-dark-navy,468 SEK,1400 SEK,2810 SEK,225 SEK,100%,21 SEK,11 SEK,100%,100%,60%,86% Overall traceability,14.84kg CO₂e,45.58m³,58.88kWh,The Flannel Shirt
https://www.asket.com/se/mens/t-shirts/t-shirt-white,135 SEK,450 SEK,810 SEK,54 SEK,100%,14 SEK,3 SEK,100%,93%,83%,93% Overall traceability,11.39kg CO₂e,53.68m³,65.42kWh,The T-Shirt
https://www.asket.com/se/mens/shirts/overshirt-khaki-green,509 SEK,1650 SEK,3060 SEK,302 SEK,100%,17 SEK,11 SEK,100%,89%,88%,92% Overall traceability,29.33kg CO₂e,83.33m³,100.54kWh,The Overshirt
https://www.asket.com/se/mens/t-shirts/lightweight-t-shirt-white,130 SEK,500 SEK,790 SEK,64 SEK,100%,8 SEK,3 SEK,33%,100%,83%,88% Overall traceability,9.77kg CO₂e,28.26m³,30.68kWh,The Lightweight T-Shirt
https://www.asket.com/se/mens/underwear/merino-sock-3-pack-light-browndark-greenburgundy,163 SEK,500 SEK,980 SEK,94 SEK,100%,10 SEK,5 SEK,50%,91%,,81% Overall traceability,12.39kg CO₂e,1.92m³,43.31kWh,The Merino Sock 3-Pack
https://www.asket.com/se/mens/shirts/overshirt-olive,509 SEK,1650 SEK,3060 SEK,302 SEK,100%,17 SEK,11 SEK,100%,89%,88%,92% Overall traceability,29.33kg CO₂e,83.33m³,100.54kWh,The Overshirt
https://www.asket.com/se/mens/shirts/oxford-shirt-light-grey-stripe,365 SEK,1250 SEK,2190 SEK,133 SEK,100%,22 SEK,11 SEK,100%,83%,83%,88% Overall traceability,15.67kg CO₂e,63.26m³,71.3kWh,The Oxford Shirt
https://www.asket.com/se/mens/shirts/oxford-shirt-dark-green,365 SEK,1250 SEK,2190 SEK,133 SEK,100%,22 SEK,11 SEK,100%,83%,83%,88% Overall traceability,15.67kg CO₂e,63.26m³,71.3kWh,The Oxford Shirt
https://www.asket.com/se/mens/shirts/flannel-shirt-khaki-green,468 SEK,1400 SEK,2810 SEK,225 SEK,100%,21 SEK,11 SEK,100%,100%,60%,86% Overall traceability,14.84kg CO₂e,45.58m³,58.88kWh,The Flannel Shirt
https://www.asket.com/se/mens/shirts/oxford-shirt-blue-stripe,365 SEK,1250 SEK,2190 SEK,133 SEK,100%,22 SEK,11 SEK,100%,83%,83%,88% Overall traceability,15.67kg CO₂e,63.26m³,71.3kWh,The Oxford Shirt
https://www.asket.com/se/mens/knitwear/heavy-wool-sweater-dark-navy,367 SEK,1350 SEK,2210 SEK,190 SEK,100%,10 SEK,13 SEK,,100%,,100% Overall traceability,9.37kg CO₂e,2.23m³,45.84kWh,The Heavy Wool Sweater
https://www.asket.com/se/mens/knitwear/heavy-wool-sweater-charcoal-melange,367 SEK,1350 SEK,2210 SEK,190 SEK,100%,10 SEK,13 SEK,,100%,,100% Overall traceability,9.37kg CO₂e,2.23m³,45.84kWh,The Heavy Wool Sweater
https://www.asket.com/se/mens/knitwear/merino-sweater-black,244 SEK,1000 SEK,1470 SEK,114 SEK,100%,10 SEK,11 SEK,100%,100%,33%,81% Overall traceability,22.42kg CO₂e,5.4m³,45.25kWh,The Merino Sweater
https://www.asket.com/se/mens/knitwear/merino-roll-neck-dark-navy,252 SEK,1050 SEK,1520 SEK,107 SEK,100%,10 SEK,11 SEK,100%,100%,33%,81% Overall traceability,21.32kg CO₂e,5.23m³,41.26kWh,The Merino Roll Neck
https://www.asket.com/se/mens/knitwear/merino-wool-polo-dark-green,252 SEK,1050 SEK,1520 SEK,107 SEK,100%,10 SEK,11 SEK,100%,100%,58%,82% Overall traceability,20.77kg CO₂e,5.57m³,41.34kWh,The Merino Wool Polo
https://www.asket.com/se/mens/knitwear/merino-sweater-burgundy,244 SEK,1000 SEK,1470 SEK,114 SEK,100%,10 SEK,11 SEK,100%,100%,33%,81% Overall traceability,22.42kg CO₂e,5.4m³,45.25kWh,The Merino Sweater
https://www.asket.com/se/mens/knitwear/merino-zip-cardigan-black,579 SEK,2000 SEK,3470 SEK,285 SEK,100%,83 SEK,13 SEK,100%,100%,58%,82% Overall traceability,53.44kg CO₂e,14.28m³,120.04kWh,The Merino Zip Cardigan
https://www.asket.com/se/mens/t-shirts/t-shirt-grey-melange,135 SEK,450 SEK,810 SEK,54 SEK,100%,14 SEK,3 SEK,100%,93%,83%,93% Overall traceability,11.39kg CO₂e,53.68m³,65.42kWh,The T-Shirt
https://www.asket.com/se/mens/knitwear/cashmere-sweater-dark-grey,566 SEK,2000 SEK,3400 SEK,361 SEK,100%,10 SEK,11 SEK,,100%,33%,78% Overall traceability,7.27kg CO₂e,1.96m³,36.16kWh,The Cashmere Sweater
https://www.asket.com/se/mens/sweatshirts/sweatshirt-grey-melange,336 SEK,1050 SEK,2010 SEK,214 SEK,100%,8 SEK,9 SEK,100%,93%,50%,87% Overall traceability,16.18kg CO₂e,204.5m³,90.48kWh,The Sweatshirt
https://www.asket.com/se/mens/t-shirts/t-shirt-charcoal-melange,135 SEK,450 SEK,810 SEK,54 SEK,100%,14 SEK,3 SEK,100%,93%,83%,93% Overall traceability,11.39kg CO₂e,53.68m³,65.42kWh,The T-Shirt
https://www.asket.com/se/mens/t-shirts/t-shirt-dark-navy,135 SEK,450 SEK,810 SEK,54 SEK,100%,14 SEK,3 SEK,100%,93%,83%,93% Overall traceability,11.39kg CO₂e,53.68m³,65.42kWh,The T-Shirt
https://www.asket.com/se/mens/knitwear/merino-sweater-light-grey,244 SEK,1000 SEK,1470 SEK,114 SEK,100%,10 SEK,11 SEK,100%,100%,33%,81% Overall traceability,22.42kg CO₂e,5.4m³,45.25kWh,The Merino Sweater
https://www.asket.com/se/mens/denim/washed-denim-jeans-stone-bleach,459 SEK,1450 SEK,2760 SEK,141 SEK,100%,28 SEK,11 SEK,100%,100%,58%,87% Overall traceability,23.74kg CO₂e,114.28m³,80.5kWh,The Washed Denim Jeans
https://www.asket.com/se/mens/knitwear/cotton-sweater-grey-melange,280 SEK,1050 SEK,1680 SEK,114 SEK,100%,10 SEK,11 SEK,100%,100%,33%,83% Overall traceability,6.71kg CO₂e,61.34m³,26.6kWh,The Cotton Sweater
https://www.asket.com/se/mens/knitwear/merino-sweater-brown-melange,244 SEK,1000 SEK,1470 SEK,114 SEK,100%,10 SEK,11 SEK,100%,100%,33%,81% Overall traceability,22.42kg CO₂e,5.4m³,45.25kWh,The Merino Sweater
https://www.asket.com/se/mens/knitwear/merino-roll-neck-dark-green,252 SEK,1050 SEK,1520 SEK,107 SEK,100%,10 SEK,11 SEK,100%,100%,33%,81% Overall traceability,21.32kg CO₂e,5.23m³,41.26kWh,The Merino Roll Neck
https://www.asket.com/se/mens/knitwear/merino-zip-cardigan-dark-navy,579 SEK,2000 SEK,3470 SEK,285 SEK,100%,83 SEK,13 SEK,100%,100%,58%,82% Overall traceability,53.44kg CO₂e,14.28m³,120.04kWh,The Merino Zip Cardigan
https://www.asket.com/se/mens/knitwear/heavy-wool-sweater-brown,367 SEK,1350 SEK,2210 SEK,190 SEK,100%,10 SEK,13 SEK,,100%,,100% Overall traceability,9.37kg CO₂e,2.23m³,45.84kWh,The Heavy Wool Sweater
https://www.asket.com/se/mens/knitwear/merino-sweater-dark-navy,244 SEK,1000 SEK,1470 SEK,114 SEK,100%,10 SEK,11 SEK,100%,100%,33%,81% Overall traceability,22.42kg CO₂e,5.4m³,45.25kWh,The Merino Sweater
https://www.asket.com/se/mens/knitwear/merino-wool-polo-brown-melange,252 SEK,1050 SEK,1520 SEK,107 SEK,100%,10 SEK,11 SEK,100%,100%,58%,82% Overall traceability,20.77kg CO₂e,5.57m³,41.34kWh,The Merino Wool Polo
https://www.asket.com/se/mens/knitwear/merino-half-zip-sweater-black,494 SEK,1700 SEK,2970 SEK,268 SEK,100%,38 SEK,11 SEK,100%,100%,83%,95% Overall traceability,45.9kg CO₂e,12.26m³,103.1kWh,The Merino Half Zip Sweater
https://www.asket.com/se/mens/t-shirts/t-shirt-off-white,135 SEK,450 SEK,810 SEK,54 SEK,100%,14 SEK,3 SEK,100%,93%,83%,93% Overall traceability,11.39kg CO₂e,53.68m³,65.42kWh,The T-Shirt
https://www.asket.com/se/mens/knitwear/merino-wool-polo-light-grey,252 SEK,1050 SEK,1520 SEK,107 SEK,100%,10 SEK,11 SEK,100%,100%,58%,82% Overall traceability,20.77kg CO₂e,5.57m³,41.34kWh,The Merino Wool Polo
https://www.asket.com/se/mens/knitwear/cashmere-sweater-light-grey,566 SEK,2000 SEK,3400 SEK,361 SEK,100%,10 SEK,11 SEK,,100%,33%,78% Overall traceability,7.27kg CO₂e,1.96m³,36.16kWh,The Cashmere Sweater
https://www.asket.com/se/mens/knitwear/cotton-sweater-olive,280 SEK,1050 SEK,1680 SEK,114 SEK,100%,10 SEK,11 SEK,100%,100%,33%,83% Overall traceability,6.71kg CO₂e,61.34m³,26.6kWh,The Cotton Sweater
https://www.asket.com/se/mens/knitwear/merino-sweater-dark-green,244 SEK,1000 SEK,1470 SEK,114 SEK,100%,10 SEK,11 SEK,100%,100%,33%,81% Overall traceability,22.42kg CO₂e,5.4m³,45.25kWh,The Merino Sweater
https://www.asket.com/se/mens/knitwear/merino-roll-neck-brown-melange,252 SEK,1050 SEK,1520 SEK,107 SEK,100%,10 SEK,11 SEK,100%,100%,33%,81% Overall traceability,21.32kg CO₂e,5.23m³,41.26kWh,The Merino Roll Neck
https://www.asket.com/se/mens/knitwear/merino-zip-cardigan-charcoal-melange,579 SEK,2000 SEK,3470 SEK,285 SEK,100%,83 SEK,13 SEK,100%,100%,58%,82% Overall traceability,53.44kg CO₂e,14.28m³,120.04kWh,The Merino Zip Cardigan
https://www.asket.com/se/mens/knitwear/merino-sweater-charcoal-melange,244 SEK,1000 SEK,1470 SEK,114 SEK,100%,10 SEK,11 SEK,100%,100%,33%,81% Overall traceability,22.42kg CO₂e,5.4m³,45.25kWh,The Merino Sweater
https://www.asket.com/se/mens/knitwear/cashmere-sweater-dark-navy,566 SEK,2000 SEK,3400 SEK,361 SEK,100%,10 SEK,11 SEK,,100%,33%,78% Overall traceability,7.27kg CO₂e,1.96m³,36.16kWh,The Cashmere Sweater
https://www.asket.com/se/mens/t-shirts/t-shirt-black,135 SEK,450 SEK,810 SEK,54 SEK,100%,14 SEK,3 SEK,100%,93%,83%,93% Overall traceability,11.39kg CO₂e,53.68m³,65.42kWh,The T-Shirt
https://www.asket.com/se/mens/knitwear/cotton-sweater-dark-navy,280 SEK,1050 SEK,1680 SEK,114 SEK,100%,10 SEK,11 SEK,100%,100%,33%,83% Overall traceability,6.71kg CO₂e,61.34m³,26.6kWh,The Cotton Sweater
https://www.asket.com/se/mens/knitwear/cotton-sweater-off-white,280 SEK,1050 SEK,1680 SEK,114 SEK,100%,10 SEK,11 SEK,100%,100%,33%,83% Overall traceability,6.71kg CO₂e,61.34m³,26.6kWh,The Cotton Sweater
https://www.asket.com/se/mens/t-shirts/t-shirt-white,135 SEK,450 SEK,810 SEK,54 SEK,100%,14 SEK,3 SEK,100%,93%,83%,93% Overall traceability,11.39kg CO₂e,53.68m³,65.42kWh,The T-Shirt
https://www.asket.com/se/mens/t-shirts/lightweight-t-shirt-white,130 SEK,500 SEK,790 SEK,64 SEK,100%,8 SEK,3 SEK,33%,100%,83%,88% Overall traceability,9.77kg CO₂e,28.26m³,30.68kWh,The Lightweight T-Shirt
https://www.asket.com/se/mens/knitwear/merino-wool-polo-dark-navy,252 SEK,1050 SEK,1520 SEK,107 SEK,100%,10 SEK,11 SEK,100%,100%,58%,82% Overall traceability,20.77kg CO₂e,5.57m³,41.34kWh,The Merino Wool Polo
https://www.asket.com/se/mens/knitwear/cashmere-sweater-light-brown,566 SEK,2000 SEK,3400 SEK,361 SEK,100%,10 SEK,11 SEK,,100%,33%,78% Overall traceability,7.27kg CO₂e,1.96m³,36.16kWh,The Cashmere Sweater
https://www.asket.com/se/mens/knitwear/merino-roll-neck-black,252 SEK,1050 SEK,1520 SEK,107 SEK,100%,10 SEK,11 SEK,100%,100%,33%,81% Overall traceability,21.32kg CO₂e,5.23m³,41.26kWh,The Merino Roll Neck
https://www.asket.com/se/mens/knitwear/merino-wool-polo-charcoal-melange,252 SEK,1050 SEK,1520 SEK,107 SEK,100%,10 SEK,11 SEK,100%,100%,58%,82% Overall traceability,20.77kg CO₂e,5.57m³,41.34kWh,The Merino Wool Polo
https://www.asket.com/se/mens/knitwear/merino-half-zip-sweater-dark-navy,494 SEK,1700 SEK,2970 SEK,268 SEK,100%,38 SEK,11 SEK,100%,100%,83%,95% Overall traceability,45.9kg CO₂e,12.26m³,103.1kWh,The Merino Half Zip Sweater
https://www.asket.com/se/mens/knitwear/merino-roll-neck-charcoal-melange,252 SEK,1050 SEK,1520 SEK,107 SEK,100%,10 SEK,11 SEK,100%,100%,33%,81% Overall traceability,21.32kg CO₂e,5.23m³,41.26kWh,The Merino Roll Neck
https://www.asket.com/se/mens/underwear/merino-sock-3-pack-light-browndark-greenburgundy,163 SEK,500 SEK,980 SEK,94 SEK,100%,10 SEK,5 SEK,50%,91%,,81% Overall traceability,12.39kg CO₂e,1.92m³,43.31kWh,The Merino Sock 3-Pack
https://www.asket.com/se/mens/knitwear/heavy-wool-sweater-dark-green,367 SEK,1350 SEK,2210 SEK,190 SEK,100%,10 SEK,13 SEK,,100%,,100% Overall traceability,9.37kg CO₂e,2.23m³,45.84kWh,The Heavy Wool Sweater
https://www.asket.com/se/mens/denim/raw-denim-jeans-raw-denim,441 SEK,1450 SEK,2650 SEK,165 SEK,100%,28 SEK,11 SEK,100%,100%,58%,89% Overall traceability,22.7kg CO₂e,154m³,107.3kWh,The Raw Denim Jeans
https://www.asket.com/se/mens/denim/black-denim-jeans-stay-black,489 SEK,1450 SEK,2940 SEK,172 SEK,100%,28 SEK,11 SEK,100%,100%,58%,88% Overall traceability,51.52kg CO₂e,184.36m³,120.78kWh,The Black Denim Jeans
https://www.asket.com/se/mens/trousers/shorts-olive,338 SEK,1000 SEK,2030 SEK,99 SEK,100%,33 SEK,6 SEK,100%,100%,71%,89% Overall traceability,16.08kg CO₂e,47.62m³,52.9kWh,The Shorts
https://www.asket.com/se/mens/trousers/chino-beige,492 SEK,1450 SEK,2950 SEK,197 SEK,100%,33 SEK,6 SEK,66%,76%,61%,72% Overall traceability,25.14kg CO₂e,59.08m³,119.6kWh,The Chino
https://www.asket.com/se/mens/t-shirts/t-shirt-grey-melange,135 SEK,450 SEK,810 SEK,54 SEK,100%,14 SEK,3 SEK,100%,93%,83%,93% Overall traceability,11.39kg CO₂e,53.68m³,65.42kWh,The T-Shirt
https://www.asket.com/se/mens/trousers/chino-black,492 SEK,1450 SEK,2950 SEK,197 SEK,100%,33 SEK,6 SEK,66%,76%,61%,72% Overall traceability,25.14kg CO₂e,59.08m³,119.6kWh,The Chino
https://www.asket.com/se/mens/t-shirts/t-shirt-charcoal-melange,135 SEK,450 SEK,810 SEK,54 SEK,100%,14 SEK,3 SEK,100%,93%,83%,93% Overall traceability,11.39kg CO₂e,53.68m³,65.42kWh,The T-Shirt
https://www.asket.com/se/mens/t-shirts/t-shirt-dark-navy,135 SEK,450 SEK,810 SEK,54 SEK,100%,14 SEK,3 SEK,100%,93%,83%,93% Overall traceability,11.39kg CO₂e,53.68m³,65.42kWh,The T-Shirt
https://www.asket.com/se/mens/sweatshirts/sweatshirt-grey-melange,336 SEK,1050 SEK,2010 SEK,214 SEK,100%,8 SEK,9 SEK,100%,93%,50%,87% Overall traceability,16.18kg CO₂e,204.5m³,90.48kWh,The Sweatshirt
https://www.asket.com/se/mens/denim/washed-denim-jeans-stone-bleach,459 SEK,1450 SEK,2760 SEK,141 SEK,100%,28 SEK,11 SEK,100%,100%,58%,87% Overall traceability,23.74kg CO₂e,114.28m³,80.5kWh,The Washed Denim Jeans
https://www.asket.com/se/mens/denim/washed-denim-jeans-stone-wash,459 SEK,1450 SEK,2760 SEK,141 SEK,100%,28 SEK,11 SEK,100%,100%,58%,87% Overall traceability,23.74kg CO₂e,114.28m³,80.5kWh,The Washed Denim Jeans
https://www.asket.com/se/mens/denim/black-denim-jeans-grey-wash,489 SEK,1450 SEK,2940 SEK,172 SEK,100%,28 SEK,11 SEK,100%,100%,58%,88% Overall traceability,51.52kg CO₂e,184.36m³,120.78kWh,The Black Denim Jeans
https://www.asket.com/se/mens/t-shirts/t-shirt-off-white,135 SEK,450 SEK,810 SEK,54 SEK,100%,14 SEK,3 SEK,100%,93%,83%,93% Overall traceability,11.39kg CO₂e,53.68m³,65.42kWh,The T-Shirt
https://www.asket.com/se/mens/trousers/heavy-twill-chino-khaki-green,489 SEK,1450 SEK,2940 SEK,236 SEK,100%,11 SEK,111 SEK,100%,100%,55%,90% Overall traceability,22.74kg CO₂e,95.84m³,125.2kWh,The Heavy Twill Chino
https://www.asket.com/se/mens/trousers/chino-taupe,492 SEK,1450 SEK,2950 SEK,197 SEK,100%,33 SEK,6 SEK,66%,76%,61%,72% Overall traceability,25.14kg CO₂e,59.08m³,119.6kWh,The Chino
https://www.asket.com/se/mens/trousers/chino-dark-navy,492 SEK,1450 SEK,2950 SEK,197 SEK,100%,33 SEK,6 SEK,66%,76%,61%,72% Overall traceability,25.14kg CO₂e,59.08m³,119.6kWh,The Chino
https://www.asket.com/se/mens/trousers/heavy-twill-chino-beige,489 SEK,1450 SEK,2940 SEK,236 SEK,100%,11 SEK,111 SEK,100%,100%,55%,90% Overall traceability,22.74kg CO₂e,95.84m³,125.2kWh,The Heavy Twill Chino
https://www.asket.com/se/mens/trousers/chino-khaki-green,492 SEK,1450 SEK,2950 SEK,197 SEK,100%,33 SEK,6 SEK,66%,76%,61%,72% Overall traceability,25.14kg CO₂e,59.08m³,119.6kWh,The Chino
https://www.asket.com/se/mens/t-shirts/t-shirt-black,135 SEK,450 SEK,810 SEK,54 SEK,100%,14 SEK,3 SEK,100%,93%,83%,93% Overall traceability,11.39kg CO₂e,53.68m³,65.42kWh,The T-Shirt
https://www.asket.com/se/mens/t-shirts/t-shirt-white,135 SEK,450 SEK,810 SEK,54 SEK,100%,14 SEK,3 SEK,100%,93%,83%,93% Overall traceability,11.39kg CO₂e,53.68m³,65.42kWh,The T-Shirt
https://www.asket.com/se/mens/t-shirts/lightweight-t-shirt-white,130 SEK,500 SEK,790 SEK,64 SEK,100%,8 SEK,3 SEK,33%,100%,83%,88% Overall traceability,9.77kg CO₂e,28.26m³,30.68kWh,The Lightweight T-Shirt
https://www.asket.com/se/mens/trousers/shorts-beige,338 SEK,1000 SEK,2030 SEK,99 SEK,100%,33 SEK,6 SEK,100%,100%,71%,89% Overall traceability,16.08kg CO₂e,47.62m³,52.9kWh,The Shorts
https://www.asket.com/se/mens/trousers/shorts-dark-navy,338 SEK,1000 SEK,2030 SEK,99 SEK,100%,33 SEK,6 SEK,100%,100%,71%,89% Overall traceability,16.08kg CO₂e,47.62m³,52.9kWh,The Shorts
https://www.asket.com/se/mens/underwear/merino-sock-3-pack-light-browndark-greenburgundy,163 SEK,500 SEK,980 SEK,94 SEK,100%,10 SEK,5 SEK,50%,91%,,81% Overall traceability,12.39kg CO₂e,1.92m³,43.31kWh,The Merino Sock 3-Pack
https://www.asket.com/se/mens/trousers/heavy-twill-chino-dark-navy,489 SEK,1450 SEK,2940 SEK,236 SEK,100%,11 SEK,111 SEK,100%,100%,55%,90% Overall traceability,22.74kg CO₂e,95.84m³,125.2kWh,The Heavy Twill Chino
https://www.asket.com/se/mens/shirts/wool-overshirt-dark-navy,546 SEK,1850 SEK,3270 SEK,324 SEK,100%,26 SEK,11 SEK,100%,100%,60%,86% Overall traceability,32.79kg CO₂e,69.76m³,85.54kWh,The Wool Overshirt
https://www.asket.com/se/mens/shirts/overshirt-beige,509 SEK,1650 SEK,3060 SEK,302 SEK,100%,17 SEK,11 SEK,100%,89%,88%,92% Overall traceability,29.33kg CO₂e,83.33m³,100.54kWh,The Overshirt
https://www.asket.com/se/mens/outerwear/car-coat-dark-navy,1429 SEK,3400 SEK,8570 SEK,502 SEK,100%,172 SEK,28 SEK,100%,100%,60%,88% Overall traceability,65.18kg CO₂e,175.62m³,161.5kWh,The Car Coat
https://www.asket.com/se/mens/denim/raw-denim-jacket-raw-denim,1018 SEK,2850 SEK,6110 SEK,355 SEK,100%,44 SEK,17 SEK,100%,100%,58%,89% Overall traceability,40.5kg CO₂e,293.74m³,190.42kWh,The Raw Denim Jacket
https://www.asket.com/se/mens/shirts/wool-overshirt-charcoal-melange,546 SEK,1850 SEK,3270 SEK,324 SEK,100%,26 SEK,11 SEK,100%,100%,60%,86% Overall traceability,32.79kg CO₂e,69.76m³,85.54kWh,The Wool Overshirt
https://www.asket.com/se/mens/t-shirts/t-shirt-grey-melange,135 SEK,450 SEK,810 SEK,54 SEK,100%,14 SEK,3 SEK,100%,93%,83%,93% Overall traceability,11.39kg CO₂e,53.68m³,65.42kWh,The T-Shirt
https://www.asket.com/se/mens/sweatshirts/sweatshirt-grey-melange,336 SEK,1050 SEK,2010 SEK,214 SEK,100%,8 SEK,9 SEK,100%,93%,50%,87% Overall traceability,16.18kg CO₂e,204.5m³,90.48kWh,The Sweatshirt
https://www.asket.com/se/mens/t-shirts/t-shirt-charcoal-melange,135 SEK,450 SEK,810 SEK,54 SEK,100%,14 SEK,3 SEK,100%,93%,83%,93% Overall traceability,11.39kg CO₂e,53.68m³,65.42kWh,The T-Shirt
https://www.asket.com/se/mens/t-shirts/t-shirt-dark-navy,135 SEK,450 SEK,810 SEK,54 SEK,100%,14 SEK,3 SEK,100%,93%,83%,93% Overall traceability,11.39kg CO₂e,53.68m³,65.42kWh,The T-Shirt
https://www.asket.com/se/mens/outerwear/zip-jacket-dark-navy,840 SEK,2350 SEK,5040 SEK,284 SEK,100%,47 SEK,231 SEK,0%,100%,44%,70% Overall traceability,30.08kg CO₂e,4.18m³,136.74kWh,The Zip Jacket
https://www.asket.com/se/mens/denim/washed-denim-jeans-stone-bleach,459 SEK,1450 SEK,2760 SEK,141 SEK,100%,28 SEK,11 SEK,100%,100%,58%,87% Overall traceability,23.74kg CO₂e,114.28m³,80.5kWh,The Washed Denim Jeans
https://www.asket.com/se/mens/t-shirts/t-shirt-off-white,135 SEK,450 SEK,810 SEK,54 SEK,100%,14 SEK,3 SEK,100%,93%,83%,93% Overall traceability,11.39kg CO₂e,53.68m³,65.42kWh,The T-Shirt
https://www.asket.com/se/mens/outerwear/field-jacket-dark-navy,1071 SEK,3150 SEK,6430 SEK,387 SEK,100%,80 SEK,28 SEK,100%,100%,44%,86% Overall traceability,67.23kg CO₂e,174.82m³,144.36kWh,The Field Jacket
https://www.asket.com/se/mens/shirts/overshirt-black,509 SEK,1650 SEK,3060 SEK,302 SEK,100%,17 SEK,11 SEK,100%,89%,88%,92% Overall traceability,29.33kg CO₂e,83.33m³,100.54kWh,The Overshirt
https://www.asket.com/se/mens/outerwear/car-coat-beige,1429 SEK,3400 SEK,8570 SEK,502 SEK,100%,172 SEK,28 SEK,100%,100%,60%,88% Overall traceability,65.18kg CO₂e,175.62m³,161.5kWh,The Car Coat
https://www.asket.com/se/mens/outerwear/field-jacket-khaki-green,1071 SEK,3150 SEK,6430 SEK,387 SEK,100%,80 SEK,28 SEK,100%,100%,44%,86% Overall traceability,67.23kg CO₂e,174.82m³,144.36kWh,The Field Jacket
https://www.asket.com/se/mens/outerwear/wool-coat-charcoal-melange,1331 SEK,3950 SEK,7990 SEK,418 SEK,100%,28 SEK,163 SEK,100%,100%,66%,88% Overall traceability,36.81kg CO₂e,76.28m³,141.82kWh,The Wool Coat
https://www.asket.com/se/mens/shirts/wool-overshirt-khaki-green,546 SEK,1850 SEK,3270 SEK,324 SEK,100%,26 SEK,11 SEK,100%,100%,60%,86% Overall traceability,32.79kg CO₂e,69.76m³,85.54kWh,The Wool Overshirt
https://www.asket.com/se/mens/outerwear/zip-vest-dark-navy,655 SEK,1800 SEK,3930 SEK,145 SEK,100%,87 SEK,22 SEK,0%,100%,44%,70% Overall traceability,18.86kg CO₂e,2.5m³,84.97kWh,The Zip Vest
https://www.asket.com/se/mens/shirts/overshirt-taupe,509 SEK,1650 SEK,3060 SEK,302 SEK,100%,17 SEK,11 SEK,100%,89%,88%,92% Overall traceability,29.33kg CO₂e,83.33m³,100.54kWh,The Overshirt
https://www.asket.com/se/mens/t-shirts/t-shirt-black,135 SEK,450 SEK,810 SEK,54 SEK,100%,14 SEK,3 SEK,100%,93%,83%,93% Overall traceability,11.39kg CO₂e,53.68m³,65.42kWh,The T-Shirt
https://www.asket.com/se/mens/shirts/overshirt-dark-navy,509 SEK,1650 SEK,3060 SEK,302 SEK,100%,17 SEK,11 SEK,100%,89%,88%,92% Overall traceability,29.33kg CO₂e,83.33m³,100.54kWh,The Overshirt
https://www.asket.com/se/mens/t-shirts/t-shirt-white,135 SEK,450 SEK,810 SEK,54 SEK,100%,14 SEK,3 SEK,100%,93%,83%,93% Overall traceability,11.39kg CO₂e,53.68m³,65.42kWh,The T-Shirt
https://www.asket.com/se/mens/shirts/overshirt-khaki-green,509 SEK,1650 SEK,3060 SEK,302 SEK,100%,17 SEK,11 SEK,100%,89%,88%,92% Overall traceability,29.33kg CO₂e,83.33m³,100.54kWh,The Overshirt
https://www.asket.com/se/mens/t-shirts/lightweight-t-shirt-white,130 SEK,500 SEK,790 SEK,64 SEK,100%,8 SEK,3 SEK,33%,100%,83%,88% Overall traceability,9.77kg CO₂e,28.26m³,30.68kWh,The Lightweight T-Shirt
https://www.asket.com/se/mens/shirts/overshirt-olive,509 SEK,1650 SEK,3060 SEK,302 SEK,100%,17 SEK,11 SEK,100%,89%,88%,92% Overall traceability,29.33kg CO₂e,83.33m³,100.54kWh,The Overshirt
https://www.asket.com/se/mens/outerwear/wool-coat-dark-navy,1331 SEK,3950 SEK,7990 SEK,418 SEK,100%,28 SEK,163 SEK,100%,100%,66%,88% Overall traceability,36.81kg CO₂e,76.28m³,141.82kWh,The Wool Coat
https://www.asket.com/se/mens/denim/washed-denim-jacket-stone-bleach,879 SEK,2350 SEK,5270 SEK,199 SEK,100%,44 SEK,17 SEK,100%,100%,58%,87% Overall traceability,25.96kg CO₂e,116.22m³,92.18kWh,The Washed Denim Jacket
https://www.asket.com/se/mens/underwear/merino-sock-3-pack-light-browndark-greenburgundy,163 SEK,500 SEK,980 SEK,94 SEK,100%,10 SEK,5 SEK,50%,91%,,81% Overall traceability,12.39kg CO₂e,1.92m³,43.31kWh,The Merino Sock 3-Pack
https://www.asket.com/se/mens/sweatshirts/zip-hoodie-grey-melange,419 SEK,1350 SEK,2520 SEK,197 SEK,100%,61 SEK,13 SEK,100%,89%,73%,85% Overall traceability,39.83kg CO₂e,202.92m³,197.55kWh,The Zip Hoodie
https://www.asket.com/se/mens/sweatshirts/zip-hoodie-black,419 SEK,1350 SEK,2520 SEK,197 SEK,100%,61 SEK,13 SEK,100%,89%,73%,85% Overall traceability,39.83kg CO₂e,202.92m³,197.55kWh,The Zip Hoodie
https://www.asket.com/se/mens/t-shirts/t-shirt-grey-melange,135 SEK,450 SEK,810 SEK,54 SEK,100%,14 SEK,3 SEK,100%,93%,83%,93% Overall traceability,11.39kg CO₂e,53.68m³,65.42kWh,The T-Shirt
https://www.asket.com/se/mens/sweatshirts/sweatshirt-grey-melange,336 SEK,1050 SEK,2010 SEK,214 SEK,100%,8 SEK,9 SEK,100%,93%,50%,87% Overall traceability,16.18kg CO₂e,204.5m³,90.48kWh,The Sweatshirt
https://www.asket.com/se/mens/t-shirts/t-shirt-charcoal-melange,135 SEK,450 SEK,810 SEK,54 SEK,100%,14 SEK,3 SEK,100%,93%,83%,93% Overall traceability,11.39kg CO₂e,53.68m³,65.42kWh,The T-Shirt
https://www.asket.com/se/mens/t-shirts/t-shirt-dark-navy,135 SEK,450 SEK,810 SEK,54 SEK,100%,14 SEK,3 SEK,100%,93%,83%,93% Overall traceability,11.39kg CO₂e,53.68m³,65.42kWh,The T-Shirt
https://www.asket.com/se/mens/denim/washed-denim-jeans-stone-bleach,459 SEK,1450 SEK,2760 SEK,141 SEK,100%,28 SEK,11 SEK,100%,100%,58%,87% Overall traceability,23.74kg CO₂e,114.28m³,80.5kWh,The Washed Denim Jeans
https://www.asket.com/se/mens/sweatshirts/hoodie-mud-green,325 SEK,1250 SEK,1950 SEK,181 SEK,100%,17 SEK,13 SEK,100%,93%,70%,85% Overall traceability,29.51kg CO₂e,97.37m³,158.54kWh,The Hoodie
https://www.asket.com/se/mens/t-shirts/t-shirt-off-white,135 SEK,450 SEK,810 SEK,54 SEK,100%,14 SEK,3 SEK,100%,93%,83%,93% Overall traceability,11.39kg CO₂e,53.68m³,65.42kWh,The T-Shirt
https://www.asket.com/se/mens/sweatshirts/sweatshirt-black,336 SEK,1050 SEK,2010 SEK,214 SEK,100%,8 SEK,9 SEK,100%,93%,50%,87% Overall traceability,16.18kg CO₂e,204.5m³,90.48kWh,The Sweatshirt
https://www.asket.com/se/mens/sweatshirts/hoodie-black,325 SEK,1250 SEK,1950 SEK,181 SEK,100%,17 SEK,13 SEK,100%,93%,70%,85% Overall traceability,29.51kg CO₂e,97.37m³,158.54kWh,The Hoodie
https://www.asket.com/se/mens/sweatshirts/hoodie-grey-melange,325 SEK,1250 SEK,1950 SEK,181 SEK,100%,17 SEK,13 SEK,100%,93%,70%,85% Overall traceability,29.51kg CO₂e,97.37m³,158.54kWh,The Hoodie
https://www.asket.com/se/mens/sweatshirts/zip-hoodie-mud-green,419 SEK,1350 SEK,2520 SEK,197 SEK,100%,61 SEK,13 SEK,100%,89%,73%,85% Overall traceability,39.83kg CO₂e,202.92m³,197.55kWh,The Zip Hoodie
https://www.asket.com/se/mens/sweatshirts/sweatshirt-burgundy,336 SEK,1050 SEK,2010 SEK,214 SEK,100%,8 SEK,9 SEK,100%,93%,50%,87% Overall traceability,16.18kg CO₂e,204.5m³,90.48kWh,The Sweatshirt
https://www.asket.com/se/mens/t-shirts/t-shirt-black,135 SEK,450 SEK,810 SEK,54 SEK,100%,14 SEK,3 SEK,100%,93%,83%,93% Overall traceability,11.39kg CO₂e,53.68m³,65.42kWh,The T-Shirt
https://www.asket.com/se/mens/sweatshirts/zip-hoodie-dark-navy,419 SEK,1350 SEK,2520 SEK,197 SEK,100%,61 SEK,13 SEK,100%,89%,73%,85% Overall traceability,39.83kg CO₂e,202.92m³,197.55kWh,The Zip Hoodie
https://www.asket.com/se/mens/t-shirts/t-shirt-white,135 SEK,450 SEK,810 SEK,54 SEK,100%,14 SEK,3 SEK,100%,93%,83%,93% Overall traceability,11.39kg CO₂e,53.68m³,65.42kWh,The T-Shirt
https://www.asket.com/se/mens/sweatshirts/hoodie-dark-navy,325 SEK,1250 SEK,1950 SEK,181 SEK,100%,17 SEK,13 SEK,100%,93%,70%,85% Overall traceability,29.51kg CO₂e,97.37m³,158.54kWh,The Hoodie
https://www.asket.com/se/mens/t-shirts/lightweight-t-shirt-white,130 SEK,500 SEK,790 SEK,64 SEK,100%,8 SEK,3 SEK,33%,100%,83%,88% Overall traceability,9.77kg CO₂e,28.26m³,30.68kWh,The Lightweight T-Shirt
https://www.asket.com/se/mens/sweatshirts/sweatshirt-dark-navy,336 SEK,1050 SEK,2010 SEK,214 SEK,100%,8 SEK,9 SEK,100%,93%,50%,87% Overall traceability,16.18kg CO₂e,204.5m³,90.48kWh,The Sweatshirt
https://www.asket.com/se/mens/sweatshirts/sweatshirt-off-white,336 SEK,1050 SEK,2010 SEK,214 SEK,100%,8 SEK,9 SEK,100%,93%,50%,87% Overall traceability,16.18kg CO₂e,204.5m³,90.48kWh,The Sweatshirt
https://www.asket.com/se/mens/sweatshirts/sweatshirt-mud-green,336 SEK,1050 SEK,2010 SEK,214 SEK,100%,8 SEK,9 SEK,100%,93%,50%,87% Overall traceability,16.18kg CO₂e,204.5m³,90.48kWh,The Sweatshirt
https://www.asket.com/se/mens/underwear/merino-sock-3-pack-light-browndark-greenburgundy,163 SEK,500 SEK,980 SEK,94 SEK,100%,10 SEK,5 SEK,50%,91%,,81% Overall traceability,12.39kg CO₂e,1.92m³,43.31kWh,The Merino Sock 3-Pack
https://www.asket.com/se/mens/underwear/boxer-brief-dark-navy,63 SEK,300 SEK,380 SEK,8 SEK,100%,3 SEK,2 SEK,75%,100%,50%,82% Overall traceability,3.26kg CO₂e,14.54m³,18.18kWh,The Boxer Brief
https://www.asket.com/se/mens/underwear/ribbed-cotton-sock-3-pack-black,146 SEK,450 SEK,880 SEK,84 SEK,100%,10 SEK,5 SEK,66%,91%,,83% Overall traceability,34.95kg CO₂e,63.72m³,46.2kWh,The Ribbed Cotton Sock 3-Pack
https://www.asket.com/se/mens/underwear/ribbed-cotton-sock-dark-navy,48 SEK,200 SEK,290 SEK,28 SEK,100%,3 SEK,2 SEK,66%,91%,,83% Overall traceability,5.84kg CO₂e,10.62m³,7.7kWh,The Ribbed Cotton Sock
https://www.asket.com/se/mens/underwear/ribbed-cotton-sock-light-grey,48 SEK,200 SEK,290 SEK,28 SEK,100%,3 SEK,2 SEK,66%,91%,,83% Overall traceability,5.84kg CO₂e,10.62m³,7.7kWh,The Ribbed Cotton Sock
https://www.asket.com/se/mens/underwear/boxer-brief-3-pack-white,176 SEK,700 SEK,1060 SEK,24 SEK,100%,10 SEK,5 SEK,75%,100%,50%,82% Overall traceability,9.86kg CO₂e,43.61m³,54.54kWh,The Boxer Brief 3-Pack
https://www.asket.com/se/mens/underwear/boxer-brief-grey-melange,63 SEK,300 SEK,380 SEK,8 SEK,100%,3 SEK,2 SEK,75%,100%,50%,82% Overall traceability,3.26kg CO₂e,14.54m³,18.18kWh,The Boxer Brief
https://www.asket.com/se/mens/t-shirts/t-shirt-grey-melange,135 SEK,450 SEK,810 SEK,54 SEK,100%,14 SEK,3 SEK,100%,93%,83%,93% Overall traceability,11.39kg CO₂e,53.68m³,65.42kWh,The T-Shirt
https://www.asket.com/se/mens/sweatshirts/sweatshirt-grey-melange,336 SEK,1050 SEK,2010 SEK,214 SEK,100%,8 SEK,9 SEK,100%,93%,50%,87% Overall traceability,16.18kg CO₂e,204.5m³,90.48kWh,The Sweatshirt
https://www.asket.com/se/mens/underwear/ribbed-cotton-sock-charcoal-melange,48 SEK,200 SEK,290 SEK,28 SEK,100%,3 SEK,2 SEK,66%,91%,,83% Overall traceability,5.84kg CO₂e,10.62m³,7.7kWh,The Ribbed Cotton Sock
https://www.asket.com/se/mens/t-shirts/t-shirt-charcoal-melange,135 SEK,450 SEK,810 SEK,54 SEK,100%,14 SEK,3 SEK,100%,93%,83%,93% Overall traceability,11.39kg CO₂e,53.68m³,65.42kWh,The T-Shirt
https://www.asket.com/se/mens/t-shirts/t-shirt-dark-navy,135 SEK,450 SEK,810 SEK,54 SEK,100%,14 SEK,3 SEK,100%,93%,83%,93% Overall traceability,11.39kg CO₂e,53.68m³,65.42kWh,The T-Shirt
https://www.asket.com/se/mens/denim/washed-denim-jeans-stone-bleach,459 SEK,1450 SEK,2760 SEK,141 SEK,100%,28 SEK,11 SEK,100%,100%,58%,87% Overall traceability,23.74kg CO₂e,114.28m³,80.5kWh,The Washed Denim Jeans
https://www.asket.com/se/mens/underwear/merino-sock-3-pack-light-grey,163 SEK,500 SEK,980 SEK,94 SEK,100%,10 SEK,5 SEK,50%,91%,,81% Overall traceability,12.39kg CO₂e,1.92m³,43.31kWh,The Merino Sock 3-Pack
https://www.asket.com/se/mens/underwear/merino-sock-light-grey,54 SEK,200 SEK,320 SEK,31 SEK,100%,3 SEK,2 SEK,50%,91%,,81% Overall traceability,4.14kg CO₂e,0.64m³,14.44kWh,The Merino Sock
https://www.asket.com/se/mens/underwear/boxer-brief-3-pack-black,176 SEK,700 SEK,1060 SEK,24 SEK,100%,10 SEK,5 SEK,75%,100%,50%,82% Overall traceability,9.86kg CO₂e,43.61m³,54.54kWh,The Boxer Brief 3-Pack
https://www.asket.com/se/mens/t-shirts/t-shirt-off-white,135 SEK,450 SEK,810 SEK,54 SEK,100%,14 SEK,3 SEK,100%,93%,83%,93% Overall traceability,11.39kg CO₂e,53.68m³,65.42kWh,The T-Shirt
https://www.asket.com/se/mens/underwear/merino-sock-dark-green,54 SEK,200 SEK,320 SEK,31 SEK,100%,3 SEK,2 SEK,50%,91%,,81% Overall traceability,4.14kg CO₂e,0.64m³,14.44kWh,The Merino Sock
https://www.asket.com/se/mens/underwear/boxer-brief-black,63 SEK,300 SEK,380 SEK,8 SEK,100%,3 SEK,2 SEK,75%,100%,50%,82% Overall traceability,3.26kg CO₂e,14.54m³,18.18kWh,The Boxer Brief
https://www.asket.com/se/mens/underwear/merino-sock-dark-navy,54 SEK,200 SEK,320 SEK,31 SEK,100%,3 SEK,2 SEK,50%,91%,,81% Overall traceability,4.14kg CO₂e,0.64m³,14.44kWh,The Merino Sock
https://www.asket.com/se/mens/underwear/ribbed-cotton-sock-3-pack-charcoal-melange,146 SEK,450 SEK,880 SEK,84 SEK,100%,10 SEK,5 SEK,66%,91%,,83% Overall traceability,34.95kg CO₂e,63.72m³,46.2kWh,The Ribbed Cotton Sock 3-Pack
https://www.asket.com/se/mens/underwear/merino-sock-3-pack-dark-navy,163 SEK,500 SEK,980 SEK,94 SEK,100%,10 SEK,5 SEK,50%,91%,,81% Overall traceability,12.39kg CO₂e,1.92m³,43.31kWh,The Merino Sock 3-Pack
https://www.asket.com/se/mens/underwear/boxer-brief-3-pack-grey-melange,176 SEK,700 SEK,1060 SEK,24 SEK,100%,10 SEK,5 SEK,75%,100%,50%,82% Overall traceability,9.86kg CO₂e,43.61m³,54.54kWh,The Boxer Brief 3-Pack
https://www.asket.com/se/mens/underwear/merino-sock-3-pack-black,163 SEK,500 SEK,980 SEK,94 SEK,100%,10 SEK,5 SEK,50%,91%,,81% Overall traceability,12.39kg CO₂e,1.92m³,43.31kWh,The Merino Sock 3-Pack
https://www.asket.com/se/mens/underwear/ribbed-cotton-sock-3-pack-light-grey,146 SEK,450 SEK,880 SEK,84 SEK,100%,10 SEK,5 SEK,66%,91%,,83% Overall traceability,34.95kg CO₂e,63.72m³,46.2kWh,The Ribbed Cotton Sock 3-Pack
https://www.asket.com/se/mens/t-shirts/t-shirt-black,135 SEK,450 SEK,810 SEK,54 SEK,100%,14 SEK,3 SEK,100%,93%,83%,93% Overall traceability,11.39kg CO₂e,53.68m³,65.42kWh,The T-Shirt
https://www.asket.com/se/mens/underwear/ribbed-cotton-sock-3-pack-dark-navy,146 SEK,450 SEK,880 SEK,84 SEK,100%,10 SEK,5 SEK,66%,91%,,83% Overall traceability,34.95kg CO₂e,63.72m³,46.2kWh,The Ribbed Cotton Sock 3-Pack
https://www.asket.com/se/mens/t-shirts/t-shirt-white,135 SEK,450 SEK,810 SEK,54 SEK,100%,14 SEK,3 SEK,100%,93%,83%,93% Overall traceability,11.39kg CO₂e,53.68m³,65.42kWh,The T-Shirt
https://www.asket.com/se/mens/underwear/merino-sock-3-pack-charcoal-melange,163 SEK,500 SEK,980 SEK,94 SEK,100%,10 SEK,5 SEK,50%,91%,,81% Overall traceability,12.39kg CO₂e,1.92m³,43.31kWh,The Merino Sock 3-Pack
https://www.asket.com/se/mens/underwear/merino-sock-charcoal-melange,54 SEK,200 SEK,320 SEK,31 SEK,100%,3 SEK,2 SEK,50%,91%,,81% Overall traceability,4.14kg CO₂e,0.64m³,14.44kWh,The Merino Sock
https://www.asket.com/se/mens/underwear/merino-sock-black,54 SEK,200 SEK,320 SEK,31 SEK,100%,3 SEK,2 SEK,50%,91%,,81% Overall traceability,4.14kg CO₂e,0.64m³,14.44kWh,The Merino Sock
https://www.asket.com/se/mens/underwear/merino-sock-light-brown,54 SEK,200 SEK,320 SEK,31 SEK,100%,3 SEK,2 SEK,50%,91%,,81% Overall traceability,4.14kg CO₂e,0.64m³,14.44kWh,The Merino Sock
https://www.asket.com/se/mens/t-shirts/lightweight-t-shirt-white,130 SEK,500 SEK,790 SEK,64 SEK,100%,8 SEK,3 SEK,33%,100%,83%,88% Overall traceability,9.77kg CO₂e,28.26m³,30.68kWh,The Lightweight T-Shirt
https://www.asket.com/se/mens/underwear/boxer-brief-3-pack-dark-navy,176 SEK,700 SEK,1060 SEK,24 SEK,100%,10 SEK,5 SEK,75%,100%,50%,82% Overall traceability,9.86kg CO₂e,43.61m³,54.54kWh,The Boxer Brief 3-Pack
https://www.asket.com/se/mens/underwear/boxer-brief-white,63 SEK,300 SEK,380 SEK,8 SEK,100%,3 SEK,2 SEK,75%,100%,50%,82% Overall traceability,3.26kg CO₂e,14.54m³,18.18kWh,The Boxer Brief
https://www.asket.com/se/mens/underwear/ribbed-cotton-sock-black,48 SEK,200 SEK,290 SEK,28 SEK,100%,3 SEK,2 SEK,66%,91%,,83% Overall traceability,5.84kg CO₂e,10.62m³,7.7kWh,The Ribbed Cotton Sock
https://www.asket.com/se/mens/underwear/merino-sock-3-pack-light-browndark-greenburgundy,163 SEK,500 SEK,980 SEK,94 SEK,100%,10 SEK,5 SEK,50%,91%,,81% Overall traceability,12.39kg CO₂e,1.92m³,43.31kWh,The Merino Sock 3-Pack
https://www.asket.com/se/mens/underwear/merino-sock-burgundy,54 SEK,200 SEK,320 SEK,31 SEK,100%,3 SEK,2 SEK,50%,91%,,81% Overall traceability,4.14kg CO₂e,0.64m³,14.44kWh,The Merino Sock
https://www.asket.com/se/mens/underwear/merino-sock-3-pack-light-brown,163 SEK,500 SEK,980 SEK,94 SEK,100%,10 SEK,5 SEK,50%,91%,,81% Overall traceability,12.39kg CO₂e,1.92m³,43.31kWh,The Merino Sock 3-Pack
